IF OBJECT_ID(N'[__EFMigrationsHistory]') IS NULL
BEGIN
    CREATE TABLE [__EFMigrationsHistory] (
        [MigrationId] nvarchar(150) NOT NULL,
        [ProductVersion] nvarchar(32) NOT NULL,
        CONSTRAINT [PK___EFMigrationsHistory] PRIMARY KEY ([MigrationId])
    );
END;
GO

BEGIN TRANSACTION;
GO

CREATE TABLE [Personagens] (
    [Id] int NOT NULL IDENTITY,
    [Nome] nvarchar(max) NOT NULL,
    [PontosVida] int NOT NULL,
    [Forca] int NOT NULL,
    [Defesa] int NOT NULL,
    [Inteligencia] int NOT NULL,
    [Classe] int NOT NULL,
    CONSTRAINT [PK_Personagens] PRIMARY KEY ([Id])
);
GO

IF EXISTS (SELECT * FROM [sys].[identity_columns] WHERE [name] IN (N'Id', N'Classe', N'Defesa', N'Forca', N'Inteligencia', N'Nome', N'PontosVida') AND [object_id] = OBJECT_ID(N'[Personagens]'))
    SET IDENTITY_INSERT [Personagens] ON;
INSERT INTO [Personagens] ([Id], [Classe], [Defesa], [Forca], [Inteligencia], [Nome], [PontosVida])
VALUES (1, 1, 23, 17, 33, N'Frodo', 100),
(2, 1, 25, 150, 30, N'Sam', 100),
(3, 3, 21, 18, 35, N'Galadriel', 100),
(4, 2, 18, 18, 37, N'Gandalf', 100),
(5, 1, 17, 20, 31, N'Hobbit', 100),
(6, 3, 13, 21, 34, N'Celeborn', 100),
(7, 2, 11, 25, 35, N'Radagast', 100);
IF EXISTS (SELECT * FROM [sys].[identity_columns] WHERE [name] IN (N'Id', N'Classe', N'Defesa', N'Forca', N'Inteligencia', N'Nome', N'PontosVida') AND [object_id] = OBJECT_ID(N'[Personagens]'))
    SET IDENTITY_INSERT [Personagens] OFF;
GO

INSERT INTO [__EFMigrationsHistory] ([MigrationId], [ProductVersion])
VALUES (N'20230322011152_InitialCreate', N'7.0.5');
GO

COMMIT;
GO

BEGIN TRANSACTION;
GO

DECLARE @var0 sysname;
SELECT @var0 = [d].[name]
FROM [sys].[default_constraints] [d]
INNER JOIN [sys].[columns] [c] ON [d].[parent_column_id] = [c].[column_id] AND [d].[parent_object_id] = [c].[object_id]
WHERE ([d].[parent_object_id] = OBJECT_ID(N'[Personagens]') AND [c].[name] = N'Nome');
IF @var0 IS NOT NULL EXEC(N'ALTER TABLE [Personagens] DROP CONSTRAINT [' + @var0 + '];');
ALTER TABLE [Personagens] ALTER COLUMN [Nome] nvarchar(max) NULL;
GO

CREATE TABLE [Armas] (
    [Id] int NOT NULL IDENTITY,
    [Nome] nvarchar(max) NULL,
    [Dano] int NOT NULL,
    CONSTRAINT [PK_Armas] PRIMARY KEY ([Id])
);
GO

IF EXISTS (SELECT * FROM [sys].[identity_columns] WHERE [name] IN (N'Id', N'Dano', N'Nome') AND [object_id] = OBJECT_ID(N'[Armas]'))
    SET IDENTITY_INSERT [Armas] ON;
INSERT INTO [Armas] ([Id], [Dano], [Nome])
VALUES (1, 7, N'Flecha'),
(2, 9, N'Espada'),
(3, 3, N'Adaga'),
(4, 8, N'Manopla'),
(5, 6, N'Garras'),
(6, 6, N'Lança'),
(7, 3, N'Chicote');
IF EXISTS (SELECT * FROM [sys].[identity_columns] WHERE [name] IN (N'Id', N'Dano', N'Nome') AND [object_id] = OBJECT_ID(N'[Armas]'))
    SET IDENTITY_INSERT [Armas] OFF;
GO

INSERT INTO [__EFMigrationsHistory] ([MigrationId], [ProductVersion])
VALUES (N'20230404231645_[MigracaoArma]', N'7.0.5');
GO

COMMIT;
GO

BEGIN TRANSACTION;
GO

ALTER TABLE [Personagens] ADD [FotoPersonagem] varbinary(max) NULL;
GO

ALTER TABLE [Personagens] ADD [UsuarioId] int NULL;
GO

CREATE TABLE [Usuarios] (
    [Id] int NOT NULL IDENTITY,
    [Username] nvarchar(max) NULL,
    [PasswordHash] varbinary(max) NULL,
    [PasswordSalt] varbinary(max) NULL,
    [Foto] varbinary(max) NULL,
    [Latitude] float NULL,
    [Longitude] float NULL,
    [DataAcesso] datetime2 NULL,
    [Perfil] nvarchar(max) NULL DEFAULT N'Jogador',
    [Email] nvarchar(max) NULL,
    CONSTRAINT [PK_Usuarios] PRIMARY KEY ([Id])
);
GO

UPDATE [Personagens] SET [FotoPersonagem] = NULL, [UsuarioId] = NULL
WHERE [Id] = 1;
SELECT @@ROWCOUNT;

GO

UPDATE [Personagens] SET [FotoPersonagem] = NULL, [UsuarioId] = NULL
WHERE [Id] = 2;
SELECT @@ROWCOUNT;

GO

UPDATE [Personagens] SET [FotoPersonagem] = NULL, [UsuarioId] = NULL
WHERE [Id] = 3;
SELECT @@ROWCOUNT;

GO

UPDATE [Personagens] SET [FotoPersonagem] = NULL, [UsuarioId] = NULL
WHERE [Id] = 4;
SELECT @@ROWCOUNT;

GO

UPDATE [Personagens] SET [FotoPersonagem] = NULL, [UsuarioId] = NULL
WHERE [Id] = 5;
SELECT @@ROWCOUNT;

GO

UPDATE [Personagens] SET [FotoPersonagem] = NULL, [UsuarioId] = NULL
WHERE [Id] = 6;
SELECT @@ROWCOUNT;

GO

UPDATE [Personagens] SET [FotoPersonagem] = NULL, [UsuarioId] = NULL
WHERE [Id] = 7;
SELECT @@ROWCOUNT;

GO

IF EXISTS (SELECT * FROM [sys].[identity_columns] WHERE [name] IN (N'Id', N'DataAcesso', N'Email', N'Foto', N'Latitude', N'Longitude', N'PasswordHash', N'PasswordSalt', N'Perfil', N'Username') AND [object_id] = OBJECT_ID(N'[Usuarios]'))
    SET IDENTITY_INSERT [Usuarios] ON;
INSERT INTO [Usuarios] ([Id], [DataAcesso], [Email], [Foto], [Latitude], [Longitude], [PasswordHash], [PasswordSalt], [Perfil], [Username])
VALUES (1, NULL, N'seuEmail@gmail.com', NULL, -23.520024100000001E0, -46.596497999999997E0, 0xEE1FE6A6485008F7692FD141C28F8C9EF58764A936F9E96EF09514673AF497F648EAB92C1CBB5680F5DDAB4BA7EFCA107ADC487C05B5EDB090ECC647CAE322DC, 0x2204EE2AC5CAF0734F0220FBE9762DD05D06531559F2BEA334A212C6233523F873AEB13FB40AB99B61927C63FC47A1E90536B1235DA1FAD6AC6896E8D2A86502699736ED38EF5E1B6D7B638123A4C74D79CE1722D253F6CBDFBE5D0E27ED59A89F63D2E83C96D075046E2DC917D1DA753C83F06540DBCFAD64E7E19CF65DC503, N'Admin', N'UsuarioAdmin');
IF EXISTS (SELECT * FROM [sys].[identity_columns] WHERE [name] IN (N'Id', N'DataAcesso', N'Email', N'Foto', N'Latitude', N'Longitude', N'PasswordHash', N'PasswordSalt', N'Perfil', N'Username') AND [object_id] = OBJECT_ID(N'[Usuarios]'))
    SET IDENTITY_INSERT [Usuarios] OFF;
GO

CREATE INDEX [IX_Personagens_UsuarioId] ON [Personagens] ([UsuarioId]);
GO

ALTER TABLE [Personagens] ADD CONSTRAINT [FK_Personagens_Usuarios_UsuarioId] FOREIGN KEY ([UsuarioId]) REFERENCES [Usuarios] ([Id]);
GO

INSERT INTO [__EFMigrationsHistory] ([MigrationId], [ProductVersion])
VALUES (N'20230418233934_MigracaoUsuario', N'7.0.5');
GO

COMMIT;
GO

BEGIN TRANSACTION;
GO

ALTER TABLE [Armas] ADD [PersonagemId] int NOT NULL DEFAULT 0;
GO

UPDATE [Armas] SET [PersonagemId] = 2
WHERE [Id] = 1;
SELECT @@ROWCOUNT;

GO

UPDATE [Armas] SET [PersonagemId] = 6
WHERE [Id] = 2;
SELECT @@ROWCOUNT;

GO

UPDATE [Armas] SET [PersonagemId] = 3
WHERE [Id] = 3;
SELECT @@ROWCOUNT;

GO

UPDATE [Armas] SET [PersonagemId] = 1
WHERE [Id] = 4;
SELECT @@ROWCOUNT;

GO

UPDATE [Armas] SET [PersonagemId] = 7
WHERE [Id] = 5;
SELECT @@ROWCOUNT;

GO

UPDATE [Armas] SET [PersonagemId] = 4
WHERE [Id] = 6;
SELECT @@ROWCOUNT;

GO

UPDATE [Armas] SET [PersonagemId] = 5
WHERE [Id] = 7;
SELECT @@ROWCOUNT;

GO

UPDATE [Usuarios] SET [PasswordHash] = 0xAF61A935327024998B15F31F3A5486E4FB1E2E0E5F261772D9CEAFAAFC3F138A706DBEE063178FA24624D9002357F33B32399F3FA11EEA2A3BF1233C521EE18A, [PasswordSalt] = 0x092A189550CD1041B3CA93193591438337892B3005F397183868870C10B88C0127CF4137729283196A8FFEB89CDD3C2D4F9327161C6F483CE9BE484DCF1F28562DBEBE7A84976A722C8CDAE2CD5EE273B7F97885DFE8EF3434BF26D94342EBCC26B287F775CF9FFBA93F4779EA40C0205D9F5F653DDD097BA12FB449461AD5A8
WHERE [Id] = 1;
SELECT @@ROWCOUNT;

GO

CREATE UNIQUE INDEX [IX_Armas_PersonagemId] ON [Armas] ([PersonagemId]);
GO

ALTER TABLE [Armas] ADD CONSTRAINT [FK_Armas_Personagens_PersonagemId] FOREIGN KEY ([PersonagemId]) REFERENCES [Personagens] ([Id]) ON DELETE CASCADE;
GO

INSERT INTO [__EFMigrationsHistory] ([MigrationId], [ProductVersion])
VALUES (N'20230419004503_MigracaoUmParaUm', N'7.0.5');
GO

COMMIT;
GO

BEGIN TRANSACTION;
GO

ALTER TABLE [Personagens] ADD [Derrotas] int NOT NULL DEFAULT 0;
GO

ALTER TABLE [Personagens] ADD [Disputas] int NOT NULL DEFAULT 0;
GO

ALTER TABLE [Personagens] ADD [Vitorias] int NOT NULL DEFAULT 0;
GO

CREATE TABLE [Habilidades] (
    [Id] int NOT NULL IDENTITY,
    [Nome] nvarchar(max) NULL,
    [Dano] int NOT NULL,
    CONSTRAINT [PK_Habilidades] PRIMARY KEY ([Id])
);
GO

CREATE TABLE [PersonagemHabilidades] (
    [PersonagemId] int NOT NULL,
    [HabilidadeId] int NOT NULL,
    CONSTRAINT [PK_PersonagemHabilidades] PRIMARY KEY ([PersonagemId], [HabilidadeId]),
    CONSTRAINT [FK_PersonagemHabilidades_Habilidades_HabilidadeId] FOREIGN KEY ([HabilidadeId]) REFERENCES [Habilidades] ([Id]) ON DELETE CASCADE,
    CONSTRAINT [FK_PersonagemHabilidades_Personagens_PersonagemId] FOREIGN KEY ([PersonagemId]) REFERENCES [Personagens] ([Id]) ON DELETE CASCADE
);
GO

IF EXISTS (SELECT * FROM [sys].[identity_columns] WHERE [name] IN (N'Id', N'Dano', N'Nome') AND [object_id] = OBJECT_ID(N'[Habilidades]'))
    SET IDENTITY_INSERT [Habilidades] ON;
INSERT INTO [Habilidades] ([Id], [Dano], [Nome])
VALUES (1, 39, N'Adormecer'),
(2, 41, N'Congelar'),
(3, 37, N'Hipnotizar');
IF EXISTS (SELECT * FROM [sys].[identity_columns] WHERE [name] IN (N'Id', N'Dano', N'Nome') AND [object_id] = OBJECT_ID(N'[Habilidades]'))
    SET IDENTITY_INSERT [Habilidades] OFF;
GO

UPDATE [Personagens] SET [Derrotas] = 0, [Disputas] = 0, [Vitorias] = 0
WHERE [Id] = 1;
SELECT @@ROWCOUNT;

GO

UPDATE [Personagens] SET [Derrotas] = 0, [Disputas] = 0, [Vitorias] = 0
WHERE [Id] = 2;
SELECT @@ROWCOUNT;

GO

UPDATE [Personagens] SET [Derrotas] = 0, [Disputas] = 0, [Vitorias] = 0
WHERE [Id] = 3;
SELECT @@ROWCOUNT;

GO

UPDATE [Personagens] SET [Derrotas] = 0, [Disputas] = 0, [Vitorias] = 0
WHERE [Id] = 4;
SELECT @@ROWCOUNT;

GO

UPDATE [Personagens] SET [Derrotas] = 0, [Disputas] = 0, [Vitorias] = 0
WHERE [Id] = 5;
SELECT @@ROWCOUNT;

GO

UPDATE [Personagens] SET [Derrotas] = 0, [Disputas] = 0, [Vitorias] = 0
WHERE [Id] = 6;
SELECT @@ROWCOUNT;

GO

UPDATE [Personagens] SET [Derrotas] = 0, [Disputas] = 0, [Vitorias] = 0
WHERE [Id] = 7;
SELECT @@ROWCOUNT;

GO

UPDATE [Usuarios] SET [PasswordHash] = 0x822DFFBF3640B6245A1664EF02AA3960BD999747E80CBE5677DD4065FC3405D932FCCE445A0CC10829997B33A0D2DD76DF2EAD84FC073A53C994715B187BF564, [PasswordSalt] = 0x113D1C4F0E8094A20B556FA9CAA66AC873A21973EF9C65F5B523A4C115140B5A1319BFACEAC97931B623E7BF5F568707FF7CDB8B210DC1F14AFC73A0F6C0B4E84C826CCAEC0B5680BA40E337ACEACBA58E4BC7BED912E224A3E60414B173C42C03286B5C05C59B6B29E13AF0F60CF2C324348F01E66EFA37C9A71DBD10111994
WHERE [Id] = 1;
SELECT @@ROWCOUNT;

GO

IF EXISTS (SELECT * FROM [sys].[identity_columns] WHERE [name] IN (N'HabilidadeId', N'PersonagemId') AND [object_id] = OBJECT_ID(N'[PersonagemHabilidades]'))
    SET IDENTITY_INSERT [PersonagemHabilidades] ON;
INSERT INTO [PersonagemHabilidades] ([HabilidadeId], [PersonagemId])
VALUES (1, 1),
(2, 1),
(2, 2),
(2, 3),
(3, 3),
(3, 4),
(1, 5),
(2, 6),
(3, 7);
IF EXISTS (SELECT * FROM [sys].[identity_columns] WHERE [name] IN (N'HabilidadeId', N'PersonagemId') AND [object_id] = OBJECT_ID(N'[PersonagemHabilidades]'))
    SET IDENTITY_INSERT [PersonagemHabilidades] OFF;
GO

CREATE INDEX [IX_PersonagemHabilidades_HabilidadeId] ON [PersonagemHabilidades] ([HabilidadeId]);
GO

INSERT INTO [__EFMigrationsHistory] ([MigrationId], [ProductVersion])
VALUES (N'20230419013828_MigracaoMuitosParaMuitos', N'7.0.5');
GO

CREATE TABLE [dbo].[TB_Disputas](
	[Id] [int] IDENTITY(1,1) NOT NULL constraint PK_Disputas primary key,
	[Dt_Disputa] [datetime2](7) NULL,
	[AtacanteId] [int] NOT NULL,
	[OponenteId] [int] NOT NULL,
	[Tx_Narracao] [nvarchar](max) NULL)

go
INSERT INTO TB_Disputas VALUES 
(getdate(), 3, 6, 'Galadriel atacou Celeborn usando Machado com o dano 48.'),
(getdate(), 7, 2, 'Atacante: Radagast. Oponente: Sam.  Pontos de vida do atacante: 100.  Pontos de vida do oponente: 66.  Arma Utilizada: Cajado.  Dano: 9.'),
(getdate(), 5, 4, 'Atacante: Hobbit. Oponente: Gandalf.  Pontos de vida do atacante: 100.  Pontos de vida do oponente: 52.  Habilidade Utilizada: Adormecer.  Dano: 48.')


COMMIT;
GO

